Date,ID,SYMBOL,MIC,FREE_FLOAT_PERCENTAGE,EST_VOL,MDV_63,Open,High,Low,Close,Volume,PxAdjFactor,SharesAdjFactor
20140402,BBG000QKPTS5,LL,XNYS,96.9608,0.33354,70252536.0,95.05,95.3199,93.6241,94.39,513651.0,1.0,1.0
20140402,BBG000BGYMH7,MLM,XNYS,99.3548,0.12868,68649000.0,128.08,128.395,126.105,126.89,933866.0,1.1201276,1.0
20140402,BBG000BQV1S2,SYNA,XNGS,98.9468,0.39399,69026550.0,62.74,63.38,62.07,63.32,908820.0,1.5,0.6666667
20140402,BBG000DGPR66,BG,XNYS,93.88,0.1212099999999999,72771290.0,79.52,80.055,78.78,79.47,896881.0,1.092746,1.0
20140402,BBG000BQD1J2,FOX,XNGS,53.9596,0.11817,126693990.0,30.28,32.71,30.28,32.52,10749352.0,1.2029082,1.0
20140402,BBG000V31J96,CPN,XNYS,96.5093,0.12868,71000770.0,21.02,21.05,20.85,20.9,2655499.0,1.0,1.0
20140402,BBG000G8N9C6,JWN,XNYS,73.8888,0.10805,92986560.0,62.86,63.935,62.86,63.63,1380440.0,1.159521,1.0
20140402,BBG000C75N77,CMA,XNYS,99.0038,0.10899,69495820.0,52.21,52.21,51.59,52.04,1644287.0,1.152233,1.0
20140402,BBG000BQTMJ9,PBI,XNYS,99.5372,0.2820499999999999,69610664.0,25.74,26.86,25.67,26.79,5877153.0,1.5060729,1.0
20140402,BBG000BGFZR8,CSC,XNYS,99.4249,0.21164,69954730.0,61.51,62.0,61.49,61.8,1342919.0,1.082973,1.0
20140402,BBG000BB03M1,CBI,XNYS,98.7318,0.14787,71440840.0,87.31,88.17,87.01,87.65,700181.0,1.0077527,1.0
20140402,BBG000NSQ9M0,AUY,XNYS,99.6699,0.2609,71228130.0,8.94,9.0,8.51,8.61,16125904.0,1.0811898,1.0
20140402,BBG000BGRKT6,LLL,XNYS,89.1762,0.12482,80354140.0,119.22,120.26,119.05,120.2,1298849.0,1.192316,1.0
20140402,BBG0020B4JG7,FEYE,XNGS,41.3094,0.48493,173687360.0,65.0,65.65,60.15,61.49,3216374.0,1.0,1.0
20140402,BBG000BKXFN7,PTEN,XNGS,97.0585,0.21773,74156780.0,31.16,31.41,30.88,31.22,2187261.0,1.098411,1.0
20140402,BBG000C6F3T8,IGT,XNYS,98.9481,0.21679,72740880.0,14.1,14.135,13.84,13.89,5568253.0,1.1255796,1.0
20140402,BBG000BLXZN1,TSCO,XNGS,98.905,0.17177,73020840.0,71.82,72.32,71.13,72.26,607684.0,4.135726,0.25
20140402,BBG000JBSJZ4,FNF,XNYS,95.738,0.16029,75488150.0,32.14,32.24,31.85,32.18,1366171.0,1.2865361,1.0
20140402,BBG000BB29X4,DTE,XNYS,99.345,0.07622,72773464.0,74.53,74.59,73.74,74.41,998270.0,1.352118,1.0
20140402,BBG000D2M6H4,MTW,XNYS,98.727,0.25068,73363416.0,30.87,31.45,30.57,31.25,1933541.0,1.0470486,1.0
20140402,BBG000BMLWX8,KBH,XNYS,99.2119,0.2317199999999999,73260750.0,17.6,17.98,17.35,17.85,6562965.0,1.12976,1.0
20140402,BBG000DLVDK3,AEM,XNYS,99.7951,0.29599,73023590.0,30.81,31.02,30.46,30.63,1787077.0,1.0719684,1.0
20140402,BBG000F6ZWH2,DKS,XNYS,92.1848,0.16046,79246460.0,55.49,55.6,54.75,55.27,1997857.0,1.0815899,1.0
20140402,BBG000BVL2G3,TRN,XNYS,97.9924,0.24144,74664920.0,72.2,73.51,71.91,73.22,1226727.0,1.0970545,1.0
20140402,BBG000CPHYL4,THC,XNYS,98.2994,0.26498,74461780.0,42.59,43.29,42.51,42.6,1815686.0,0.25,4.0
20140402,BBG000BQ87N0,NU,XNYS,99.2452,0.06978,73904270.0,45.06,45.136,44.76,44.87,1384640.0,1.2497497,1.0
20140402,BBG000BF3NZ1,BWLD,XNGS,98.6973,0.288,74364216.0,152.53,152.53,145.65,145.99,923167.0,1.0,1.0
20140402,BBG000BHCP19,MCHP,XNGS,97.2386,0.1277599999999999,75684660.0,47.85,48.29,47.6,48.27,1732278.0,1.320171,1.0
20140402,BBG000QFJ7H3,OAS,XNYS,86.2413,0.17702,85752090.0,42.06,43.195,41.84,43.02,1085287.0,1.0,1.0
20140402,BBG000BFV115,SM,XNYS,98.3717,0.2179199999999999,75193710.0,72.19,73.94,71.96,73.59,1142546.0,1.0148703,1.0
20140402,BBG000BLMZK6,KMX,XNYS,99.3967,0.2160199999999999,74941176.0,47.47,48.139,47.4,47.88,1314743.0,1.0,1.0
20140402,BBG000BKZTP3,HOG,XNYS,99.5704,0.14362,74881224.0,68.38,69.0,68.38,68.72,1031327.0,1.1344979,1.0
20140402,BBG000BRXP69,EW,XNYS,98.9472,0.25483,75475610.0,74.41,74.89,73.66,74.79,835896.0,2.0,0.5
20140402,BBG000FLPRH1,CAR,XNGS,98.6386,0.2379,75950180.0,49.81,51.47,49.22,51.4,1958187.0,1.0,1.0
20140402,BBG000C7B436,TEX,XNYS,95.9415,0.19548,78458830.0,44.13,44.59,43.6,44.19,1569794.0,1.002476,1.0
20140402,BBG000CGT2S4,UPL,XNYS,96.8515,0.24524,78354870.0,27.32,27.81,27.28,27.66,4108500.0,1.0,1.0
20140402,BBG000BJ49H3,BWA,XNYS,98.524,0.12652,77466510.0,63.21,63.89,63.21,63.6,1218027.0,2.0523305,0.5
20140402,BBG000F86GP6,MCO,XNYS,99.5416,0.1662599999999999,76755020.0,81.64,83.3,79.95,80.28,897618.0,1.1011815,1.0
20140402,BBG000JH6683,ISIS,XNGS,99.2897,0.4759399999999999,77384210.0,43.88,43.9336,41.11,42.28,1537808.0,1.0,1.0
20140402,BBG000BMXK89,NCR,XNYS,99.334,0.30494,77454744.0,36.73,36.99,36.44,36.88,1531910.0,1.0,1.0
20140402,BBG000FBK808,DNR,XNYS,97.7537,0.13142,78716940.0,16.6,16.88,16.54,16.83,3287128.0,1.0039339,1.0
20140402,BBG000CPBCL8,OII,XNYS,98.9681,0.16579,77812110.0,72.44,73.69,72.1575,73.43,847233.0,2.0792615,0.5
20140402,BBG000H9G7X2,ANF,XNYS,98.3671,0.22296,78515860.0,38.71,40.25,38.49,40.03,1915832.0,1.121952,1.0
20140402,BBG000BFDLV8,CERN,XNGS,88.6707,0.1892,87343070.0,56.71,56.74,55.85,56.13,2714528.0,4.0,0.25
20140402,BBG000BP1152,CIEN,XNYS,97.3795,0.29109,79535980.0,23.6,24.065,23.51,23.94,3691404.0,1.0,1.0
20140402,BBG000K14Q84,JOY,XNYS,99.0809,0.14379,78388510.0,58.08,59.35,57.79,59.09,1697617.0,1.0900656,1.0
20140402,BBG0014GJCT9,PANW,XNYS,77.36,0.30653,101060104.0,71.31,72.43,70.085,71.04,1451318.0,1.0,1.0
20140402,BBG000BQHGR6,OKE,XNYS,99.1182,0.13151,78904850.0,59.23,60.05,59.055,59.87,1093439.0,2.8599596,0.5
20140402,BBG000BGD7W6,MAR,XNGS,66.354,0.11821,118626520.0,56.87,56.99,56.52,56.92,2592782.0,1.1494867,0.9891886
20140402,BBG000PLXQQ3,TRW,XNYS,99.2172,0.13717,79476184.0,83.37,83.78,82.87,83.59,1116469.0,1.0,1.0
20140402,BBG000CVWGS6,ATVI,XNGS,63.4304,0.19655,124377520.0,20.82,21.03,20.67,20.775,4703029.0,2.1354797,0.5
20140402,BBG000BR37X2,PGR,XNYS,91.0579,0.1199599999999999,86690080.0,24.15,24.28,24.05,24.11,3283020.0,1.4563212,1.0
20140402,BBG000BF5RY1,CCE,XNYS,92.4623,0.11867,85530350.0,47.66,47.96,47.55,47.8,2158789.0,1.6449236,1.0
20140402,BBG000BBB3K1,RAI,XNYS,57.845,0.2074199999999999,136830340.0,53.61,53.97,53.51,53.97,1749108.0,2.9535666,0.5
20140402,BBG000CKVSG8,CNX,XNYS,99.2288,0.20528,80074450.0,39.34,40.32,39.34,40.28,2218540.0,1.0714074,1.0
20140402,BBG000BKXYX5,DECK,XNGS,94.886,0.43195,84235200.0,80.6,80.77,78.74,79.89,780592.0,3.0,0.33333334
20140402,BBG000BZTW70,NBR,XNYS,94.1076,0.23019,85063864.0,24.6,24.76,24.28,24.59,3484100.0,1.0118064,1.0
20140402,BBG000BNNKG9,MAS,XNYS,98.6501,0.1830599999999999,81491256.0,22.5,23.0,22.4,22.89,3113316.0,1.1962811,1.0
20140402,BBG000BKTT89,HAR,XNYS,99.5406,0.25261,80818300.0,109.25,112.225,108.77,111.59,1059175.0,1.0355256,1.0
20140402,BBG000BCTQ65,XEL,XNYS,99.7575,0.06269,80832900.0,30.27,30.31,30.0956,30.22,2173481.0,1.3125894,1.0
20140402,BBG000M1R011,NOW,XNYS,85.6499,0.3554299999999999,94631360.0,63.23,63.96,60.5,61.27,1637196.0,1.0,1.0
20140402,BBG000BT1715,SJM,XNYS,95.4648,0.11302,85053890.0,97.14,97.9,96.63,97.79,572735.0,1.2895482,1.0
20140402,BBG000G6BN50,PNRA,XNGS,98.9366,0.2080999999999999,82131656.0,175.06,175.87,173.23,173.67,308147.0,1.0,1.0
20140402,BBG000N746D6,ETFC,XNGS,99.0888,0.18881,82447200.0,23.85,23.87,23.5,23.7,3761931.0,0.1,10.0
20140402,BBG000BJDPC2,FDO,XNYS,83.9882,0.15224,97530350.0,57.95,58.24,57.56,57.72,2535414.0,1.1095837,1.0
20140402,BBG000BGKHZ3,VRSN,XNGS,99.0704,0.1855,82962320.0,54.36,54.36,52.7,52.83,1748361.0,1.1776468,1.0
20140402,BBG000MQ1SN9,DVA,XNYS,97.0213,0.17319,84827656.0,69.45,69.84,68.67,69.08,1283111.0,2.0,0.5
20140402,BBG000BLDV98,HRB,XNYS,99.7568,0.20363,82659830.0,30.85,31.2199,30.71,30.9,2533051.0,1.2627344,1.0
20140402,BBG000BKQG80,IACI,XNGS,98.8962,0.2484499999999999,83895864.0,72.8,73.27,72.21,72.4,717425.0,1.1942587,2.0
20140402,BBG000D13GN8,Z,XNGS,80.4067,0.3895599999999999,103818780.0,92.41,94.34,90.65,92.61,1094624.0,1.0,1.0
20140402,BBG000D9KWL9,MTB,XNYS,91.2545,0.0947899999999999,91566970.0,121.96,121.96,120.92,121.24,600433.0,1.2539783,1.0
20140402,BBG000KBQZ88,CTRX,XNGS,99.3546,0.23973,84160980.0,45.47,45.91,45.044,45.23,2164573.0,4.0,0.25
20140402,BBG000D1QCF1,FTI,XNYS,98.825,0.1588,84809170.0,53.0,54.26,52.87,54.0,2458472.0,2.1068068,0.5
20140402,BBG000D5S4M0,PII,XNYS,98.5233,0.16046,85248890.0,142.99,143.98,141.78,142.82,399131.0,2.3801475,0.5
20140402,BBG000C221G9,PNR,XNYS,99.4095,0.11172,84832550.0,80.39,81.04,80.31,80.55,886291.0,1.1428676,1.0
20140402,BBG000BCVMH9,CP,XNYS,90.065,0.17164,93841900.0,150.96,153.96,150.315,153.28,814245.0,1.1107495,1.0
20140402,BBG000FDBX90,CNP,XNYS,99.3436,0.1089099999999999,85094860.0,23.78,24.06,23.51,23.97,4847424.0,1.3434725,1.0
20140402,BBG000HW5GX3,CNQ,XNYS,96.9448,0.1489299999999999,87365730.0,38.43,39.17,38.36,39.05,2167169.0,2.1403768,0.5
20140402,BBG000CZWZ05,BMRN,XNGS,99.3794,0.2078199999999999,85235000.0,69.24,69.8,67.41,68.19,927449.0,1.0,1.0
20140402,BBG000BWXL85,RHT,XNYS,99.3526,0.17785,85315790.0,53.67,53.79,53.01,53.11,2481250.0,1.0,1.0
20140402,BBG000BD0TF8,BEN,XNYS,64.5843,0.12728,131389430.0,54.54,55.17,54.08,55.0,2027071.0,3.4199033,0.33333334
20140402,BBG000BBLK04,TW,XNYS,98.9568,0.21813,85953760.0,118.0,118.0,116.56,117.03,505276.0,1.0415387,1.0
20140402,BBG000BWVSR1,WM,XNYS,96.8394,0.0928399999999999,87889544.0,41.83,42.05,41.64,41.71,1958100.0,1.2685615,1.0
20140402,BBG000BV75B7,TIF,XNYS,86.5385,0.12242,98367710.0,88.19,89.115,87.76,88.8,1503915.0,1.1277877,1.0
20140402,BBG000BPMH90,MUR,XNYS,94.7064,0.14539,90062800.0,62.83,63.53,62.45,63.44,1336675.0,1.3599577,1.0
20140402,BBG000C37332,FOSL,XNGS,81.8111,0.22691,104514160.0,118.61,119.35,117.292,117.94,444660.0,1.0,1.0
20140402,BBG000QW7VC1,HCA,XNYS,70.0936,0.18177,123493120.0,52.01,52.39,51.64,52.24,2363957.0,1.2477725,1.0
20140402,BBG000FFH4P5,FLS,XNYS,99.3124,0.14343,87289040.0,78.83,79.982,78.56,79.49,791230.0,3.2260113,0.33333334
20140402,BBG000BMTFR4,KLAC,XNGS,99.8599,0.10909,87852130.0,70.25,70.95,69.7401,70.89,1697864.0,1.1781253,1.0
20140402,BBG000CXD6X9,MNST,XNGS,90.2816,0.2243099999999999,97228960.0,70.94,71.22,69.57,69.65,847308.0,2.0,0.5
20140402,BBG000BPNP00,MXIM,XNGS,99.2268,0.16659,88584536.0,33.17,33.71,33.107,33.27,3541498.0,1.2441711,1.0
20140402,BBG000BMKDM3,K,XNYS,79.2611,0.0696899999999999,111309790.0,62.49,62.81,62.44,62.65,1240724.0,1.2098646,1.0
20140402,BBG0016WLQ18,GNC,XNYS,99.6425,0.28842,89313340.0,45.63,46.32,45.325,46.26,1417881.0,1.028663,1.0
20140402,BBG000BJ8YN7,FAST,XNGS,91.8919,0.18093,98372510.0,49.87,50.91,49.84,50.38,2087705.0,2.289226,0.5
20140402,BBG000D9DMK0,LH,XNYS,99.596,0.15202,90794500.0,102.78,102.91,101.18,102.14,1524203.0,1.0,1.0
20140402,BBG000J5Q6L2,GNW,XNYS,99.6288,0.17305,90844620.0,17.9,18.27,17.78,18.23,6829933.0,1.0347463,1.0
20140402,BBG000PV2L86,WYN,XNYS,99.0998,0.13307,91397336.0,74.21,74.92,74.1,74.67,1114049.0,1.1280867,1.0
20140402,BBG000C4DPX1,AVGO,XNGS,90.2432,0.18738,100716490.0,64.74,65.31,63.84,64.64,2097949.0,1.0601848,1.0
20140402,BBG000TJM7F0,DPS,XNYS,99.5304,0.1224499999999999,91323300.0,53.78,54.03,53.71,53.73,1609796.0,1.1438571,1.0
20140402,BBG000H4YVR7,MDVN,XNGS,97.4556,0.2685599999999999,93500150.0,66.14,66.84,64.59,65.24,1032222.0,2.0,0.5
20140402,BBG0029BK2G7,DATA,XNYS,98.5538,0.43951,92477896.0,81.45,82.1,77.4,77.74,1601880.0,1.0,1.0
20140402,BBG000C060M4,AMG,XNYS,99.1387,0.1496,92739050.0,205.11,206.19,203.5403,204.07,485716.0,1.0,1.0
20140402,BBG000BKWSR6,HBAN,XNGS,98.8449,0.10744,93157816.0,10.21,10.24,10.07,10.13,8433054.0,1.1815883,1.0
20140402,BBG000MZFMS2,SLXP,XNGS,96.7999,0.23239,95417570.0,107.25,109.78,106.645,108.46,1246931.0,1.0,1.0
20140402,BBG000BTCH57,CHRW,XNGS,99.0143,0.14823,93331630.0,52.14,53.03,52.07,52.97,1702262.0,1.1312865,1.0
20140402,BBG000BG09F5,GPOR,XNGS,98.4924,0.2770499999999999,94536300.0,71.96,72.93,71.77,72.6,1375614.0,1.0,1.0
20140402,BBG000BFS7D3,CLX,XNYS,99.3782,0.08241,94134344.0,87.72,88.52,87.425,87.89,904161.0,1.227885,1.0
20140402,BBG000BQ8KV2,NUE,XNYS,99.3213,0.1089599999999999,94219100.0,50.61,51.23,50.56,51.12,1378461.0,1.234435,1.0
20140402,BBG000DN7P92,SYK,XNYS,77.1444,0.08554,121333180.0,81.79,82.59,81.79,82.29,2052722.0,1.0805075,1.0
20140402,BBG000BCZYD3,BDX,XNYS,99.0191,0.06904,94903410.0,117.06,117.28,116.62,117.16,631541.0,1.1348032,1.0
20140402,BBG000BHGCD1,ATHN,XNGS,97.7346,0.425,96317740.0,163.78,166.47,160.0429,166.19,579564.0,1.0,1.0
20140402,BBG000BGYWY6,ORLY,XNGS,97.0971,0.17312,97298670.0,149.09,150.26,148.36,149.39,430344.0,1.0,1.0
20140402,BBG000D2M0Z7,SBAC,XNGS,98.928,0.157,95666680.0,91.38,91.39,89.48,89.98,2146319.0,1.0,1.0
20140402,BBG000BVMPN3,TROW,XNGS,96.6975,0.11526,98087820.0,83.7,84.08,83.17,83.95,937076.0,1.1650114,1.0
20140402,BBG000BPYHJ6,OCN,XNYS,83.4107,0.32925,113981070.0,40.0,40.0,39.405,39.79,800115.0,1.660338,1.0
20140402,BBG000QRKJ70,GRPN,XNGS,67.8678,0.40842,140220740.0,8.11,8.24,8.0,8.14,11631350.0,1.0,1.0
20140402,BBG000BKNX95,GT,XNGS,98.687,0.2547,96563460.0,27.12,27.23,26.47,26.8,4073613.0,1.0045626,1.0
20140402,BBG000CHPY97,ECA,XNYS,99.8854,0.2113199999999999,95643630.0,21.26,21.49,21.24,21.42,4385067.0,2.2650588,1.0
20140402,BBG000BQSQ38,PAYX,XNGS,89.4439,0.1091,107011230.0,42.2,42.89,42.19,42.81,3247094.0,1.2884883,1.0
20140402,BBG000J1QLT0,STZ,XNYS,95.0695,0.2388699999999999,101381990.0,85.52,85.58,84.62,84.9,1022991.0,1.0,1.0
20140402,BBG000R0L5J4,TDC,XNYS,99.1924,0.26719,97202424.0,48.26,49.57,47.98,49.18,1611140.0,1.0,1.0
20140402,BBG000BF6LY3,CCL,XNYS,75.4383,0.15913,128065190.0,38.1,38.18,37.78,38.04,2826948.0,1.1050338,1.0
20140402,BBG000KLB4Q1,SWKS,XNGS,99.418,0.28901,97536120.0,37.73,37.82,37.13,37.58,2693996.0,1.0,1.0
20140402,BBG000RNTSX0,ULTA,XNGS,93.4057,0.22348,103914664.0,98.9,100.25,98.8,100.11,916735.0,1.0111895,1.0
20140402,BBG000BNC3Y9,LNC,XNYS,99.4931,0.11835,97805700.0,50.93,51.59,50.895,51.57,1316050.0,1.0939019,1.0
20140402,BBG000BBCDZ2,ROK,XNYS,99.262,0.10095,98127690.0,125.19,126.69,124.82,126.1,1096003.0,1.1697997,1.0
20140402,BBG000BS9489,OMC,XNYS,99.1051,0.1336099999999999,98381920.0,71.98,72.39,71.4,71.91,1302581.0,1.1419456,1.0
20140402,BBG000RGM5P1,TEL,XNYS,99.7601,0.14103,97836530.0,60.48,61.9,60.36,61.69,2940554.0,1.159875,1.0
20140402,BBG000C1FQS9,ETR,XNYS,99.5015,0.07933,98123040.0,67.01,67.47,66.41,67.11,1218216.0,1.3158715,1.0
20140402,BBG001J1QN87,ICPT,XNGS,54.5392,0.6622100000000001,179526960.0,322.79,333.82,320.1101,330.65,423503.0,1.0,1.0
20140402,BBG000F7RCJ1,AAP,XNYS,99.3409,0.21743,98670160.0,127.45,127.48,126.21,126.86,722275.0,1.0277857,1.0
20140402,BBG000BLHRS2,HSY,XNYS,91.8875,0.09628,106699240.0,104.15,104.25,102.95,103.21,1236410.0,1.1819057,1.0
20140402,BBG000BDXGP9,CAG,XNYS,99.5716,0.11049,98518230.0,30.82,31.3,30.76,31.12,2795340.0,1.2408406,1.0
20140402,BBG000GPXKX9,FLT,XNYS,85.8804,0.22851,114331170.0,117.9,118.35,116.27,117.19,458965.0,1.0,1.0
20140402,BBG000DNTSP4,SE,XNYS,99.774,0.11704,99179450.0,37.68,37.74,37.46,37.68,2632151.0,1.3118999,1.0
20140402,BBG000BHKYH4,ECL,XNYS,88.7303,0.09836,112000000.0,108.71,109.23,108.45,108.59,690162.0,1.0842592,1.0
20140402,BBG000BNGTQ7,LB,XNYS,83.6309,0.1289799999999999,119456910.0,57.53,58.81,57.53,58.78,1553016.0,1.6294769,1.0
20140402,BBG000BNPSQ9,INCY,XNGS,90.0781,0.4088,110980750.0,55.05,55.75,54.21,54.46,1562617.0,1.0,1.0
20140402,BBG000BP0KQ8,EA,XNGS,95.4793,0.2664999999999999,104827240.0,29.75,29.75,28.92,29.13,3291925.0,1.0,1.0
20140402,BBG000BN9WT5,LLTC,XNGS,97.9563,0.12446,102421860.0,50.2,50.49,49.63,49.88,4395977.0,1.2104511,1.0
20140402,BBG000BB5373,WU,XNYS,99.7287,0.20175,100660410.0,16.76,16.91,16.655,16.79,4104899.0,1.1073412,1.0
20140402,BBG000BCYP43,BCR,XNYS,98.9875,0.11695,101637460.0,148.91,149.445,148.41,148.78,1006434.0,1.0498719,1.0
20140402,BBG003P9ZSL3,LMCA,XNGS,89.4663,0.15496,112756620.0,131.89,134.17,131.37,133.27,2616590.0,1.0,1.0
20140402,BBG000BKPL53,ZMH,XNYS,99.7806,0.11148,101214750.0,95.42,96.85,95.16,96.57,969451.0,1.023646,1.0
20140402,BBG000CF2GH6,ARIA,XNGS,90.3571,0.57009,112169840.0,8.56,8.72,8.015,8.06,14920839.0,1.0,1.0
20140402,BBG000BTQR96,SWK,XNYS,98.4362,0.1402,103327140.0,81.94,82.24,81.69,81.83,1243378.0,1.1865429,1.0
20140402,BBG000BBCQD7,SLM,XNGS,99.0446,0.1730999999999999,103249260.0,24.71,24.91,24.48,24.79,6527440.0,1.0901465,1.0
20140402,BBG000BP4MH0,MMC,XNYS,99.6969,0.0726,102795064.0,49.51,49.99,49.47,49.79,1859696.0,1.2104805,1.0
20140402,BBG000BBMSJ6,ALTR,XNGS,99.6505,0.16378,102956776.0,36.48,36.54,36.01,36.1,2477340.0,1.0679449,1.0
20140402,BBG000BRK7L6,SU,XNYS,99.9115,0.13139,103391490.0,34.84,35.56,34.84,35.49,3947482.0,2.1677456,0.5
20140402,BBG000BKQ3V3,SDRL,XNYS,75.2979,0.19139,137413740.0,35.41,35.6,35.0,35.52,3266313.0,1.4403926,1.0
20140402,BBG000PX3XC0,WLL,XNYS,99.3641,0.18324,104144920.0,71.11,72.24,70.92,71.46,1357582.0,2.0,0.5
20140402,BBG000BG14P4,CREE,XNGS,98.3521,0.42875,105245810.0,57.91,58.04,55.79,57.39,2093198.0,1.0,1.0
20140402,BBG000FW00S1,BTU,XNYS,99.393,0.2628199999999999,104211304.0,16.22,16.65,16.165,16.53,5718775.0,1.0615591,1.0
20140402,BBG000DY8ZS4,WFT,XNYS,88.7651,0.21025,116763720.0,17.47,17.59,17.39,17.48,5687185.0,2.0,0.5
20140402,BBG000D8RG11,NRG,XNYS,99.3099,0.12989,104571300.0,31.84,32.195,31.5,32.15,4882541.0,1.0301574,1.0
20140402,BBG000BVHBM1,TOL,XNYS,91.1766,0.11062,114151630.0,36.7,36.9,36.26,36.55,1841169.0,1.0,1.0
20140402,BBG000BWCKB6,VFC,XNYS,80.1925,0.12673,130903260.0,62.25,62.97,62.125,62.63,1515004.0,4.748711,0.25
20140402,BBG000C2ZCH8,SRE,XNYS,93.4242,0.07647,112386090.0,96.45,96.66,95.74,96.05,1059590.0,1.2231015,1.0
20140402,BBG000BB6G37,ADI,XNGS,99.0525,0.0964299999999999,106050104.0,54.07,54.28,53.75,54.06,1945778.0,1.2069657,1.0
20140402,BBG000BNFLM9,LRCX,XNGS,99.4289,0.14482,106521550.0,55.76,57.08,55.44,56.97,2842306.0,1.0,1.0
20140402,BBG000PVRDL2,SLW,XNYS,99.7975,0.20329,106506840.0,23.15,23.437,23.07,23.11,3349486.0,1.0380359,1.0
20140402,BBG000BLCPY4,HP,XNYS,97.2864,0.12284,109282024.0,108.0,108.75,107.34,107.78,863479.0,1.0540783,1.0
20140402,BBG000BB6M98,FE,XNYS,99.705,0.14395,106768300.0,33.52,33.6,33.28,33.43,2640284.0,1.358312,1.0
20140402,BBG000D7RKJ5,EIX,XNYS,99.7898,0.09534,106910460.0,56.05,56.16,55.65,55.96,2755749.0,1.2249236,1.0
20140402,BBG002S5ZRF9,SSYS,XNGS,83.204,0.37727,130132024.0,113.0,114.41,109.75,111.81,1623378.0,1.0,1.0
20140402,BBG000BSXQV7,SHW,XNYS,84.1761,0.13827,128696770.0,198.92,200.98,198.03,200.07,604963.0,1.1228342,1.0
20140402,BBG000BCBCM7,SPLS,XNGS,99.0607,0.2629599999999999,109791070.0,11.47,12.09,11.37,11.99,19948520.0,1.1604534,1.0
20140402,BBG000BKR1D6,GWW,XNYS,88.0935,0.11555,124008250.0,252.97,256.15,252.91,254.98,347877.0,1.1149824,1.0
20140402,BBG000R8L7J3,GTAT,XNGS,93.9783,0.48141,117161480.0,18.13,19.34,18.13,18.669,13778307.0,1.0,1.0
20140402,BBG000BVWLJ6,TYC,XNYS,99.4645,0.12335,111238200.0,42.9,43.05,42.43,42.44,4063388.0,2.3173015,1.0
20140402,BBG000BPVCR1,QCOR,XNGS,93.9159,0.48526,118094140.0,70.0,71.23,67.67,69.13,1567065.0,1.0318774,1.0
20140402,BBG000FLZN98,MHK,XNYS,83.7045,0.15917,133359750.0,137.39,138.95,136.82,137.97,751499.0,1.0,1.0
20140402,BBG000BB1TH9,FLR,XNYS,99.4496,0.1228099999999999,112842150.0,77.35,78.07,77.2,77.66,1265259.0,2.1296165,0.5
20140402,BBG000BLBXT4,HOT,XNYS,99.4241,0.12704,112878800.0,80.35,81.53,80.18,81.4,1281104.0,1.1378492,1.0
20140402,BBG000BQVTF5,PCAR,XNGS,97.9299,0.12763,114614510.0,68.02,68.37,67.78,68.27,1697157.0,1.1692253,1.0
20140402,BBG000MDCQC2,ABC,XNYS,99.7837,0.1178299999999999,112899256.0,65.75,66.37,65.55,65.58,1836208.0,2.1627755,0.5
20140402,BBG000BRWGG9,RAD,XNYS,98.8001,0.3865099999999999,114126830.0,6.39,6.47,6.31,6.36,13438955.0,1.0,1.0
20140402,BBG000BBBNC6,AFL,XNYS,97.6147,0.0980299999999999,116645130.0,63.04,63.84,62.93,63.46,1312109.0,1.1750127,1.0
20140402,BBG000C4ZZ10,SIG,XNYS,99.7675,0.19518,114978380.0,106.97,107.74,106.63,106.95,1156258.0,0.5154016,2.0
20140402,BBG000D6L294,XEC,XNYS,98.1564,0.182,117138184.0,118.64,119.22,117.55,118.33,989928.0,1.0380927,1.0
20140402,BBG000BXM6V2,UA,XNYS,97.5353,0.32458,118363970.0,116.88,119.78,116.28,118.88,1393503.0,2.0,0.5
20140402,BBG000BHC2S1,PETM,XNGS,99.1184,0.13892,116549790.0,69.62,70.2,69.46,70.1,1429531.0,1.068252,1.0
20140402,BBG001C7TST4,SPLK,XNGS,74.6705,0.30963,155509840.0,75.65,76.26,70.27,71.12,3166607.0,1.0,1.0
20140402,BBG000BKLH74,GPS,XNYS,56.471,0.15923,205741520.0,40.94,41.98,40.83,41.89,6421715.0,1.1295531,1.0
20140402,BBG000DTMH63,NE,XNYS,99.2091,0.15614,117231060.0,32.05,32.33,31.915,31.95,3997234.0,1.1156048,1.0
20140402,BBG000BSC0K9,DLTR,XNGS,96.1235,0.11215,121047720.0,52.47,52.97,52.28,52.82,1931553.0,3.0,0.33333334
20140402,BBG000BHLYS1,ED,XNYS,99.69,0.08535,117477340.0,53.47,53.65,52.9,53.58,2359701.0,1.3575791,1.0
20140402,BBG000BX5ZF5,XRX,XNYS,94.2228,0.2134699999999999,124394950.0,11.45,11.6,11.41,11.5,11023337.0,1.139812,1.0
20140402,BBG000BQWPC5,PCG,XNYS,99.8297,0.11484,117417090.0,42.6,43.35,42.47,43.35,6863905.0,1.2983476,1.0
20140402,BBG000BTVJ25,SYY,XNYS,99.7092,0.1071,117905630.0,35.76,35.95,35.63,35.74,3173784.0,1.2476234,1.0
20140402,BBG000BN84F3,DGX,XNYS,99.2608,0.17058,118906136.0,59.87,61.48,59.57,61.15,5685286.0,1.0703316,1.0
20140402,BBG000K1J931,CSIQ,XNGS,74.5289,0.5277000000000001,158927630.0,33.48,33.72,32.6,33.39,2543612.0,1.0,1.0
20140402,BBG000C1S2X2,VRTX,XNGS,99.3197,0.2681,119367176.0,72.0,73.1,71.65,72.3,1316698.0,1.0,1.0
20140402,BBG000CHWP52,DISCA,XNGS,98.1093,0.13801,120938650.0,84.09,84.77,83.7501,84.2,1229336.0,0.5511221,2.0
20140402,BBG000BLW530,EMN,XNYS,91.6625,0.15993,129485380.0,86.24,87.47,86.13,87.36,1009385.0,2.3817499,0.5
20140402,BBG000BHZ5J9,EQT,XNYS,92.7142,0.18458,128140090.0,98.95,101.37,98.52,101.29,1952817.0,1.1020278,1.0
20140402,BBG000BHB3M6,DOV,XNYS,98.5956,0.12083,120999800.0,84.86,85.44,83.96,85.15,1686103.0,1.3891692,1.0
20140402,BBG000BL9JQ1,HFC,XNYS,99.0335,0.17273,120514060.0,48.05,48.08,47.33,48.05,2094855.0,2.6562984,0.5
20140402,BBG0039320N9,ZTS,XNYS,99.9862,0.17147,119636744.0,29.28,29.7,29.14,29.62,2341243.0,1.008522,1.0
20140402,BBG003641015,ADT,XNYS,99.6352,0.2560599999999999,120095440.0,30.45,31.38,30.42,31.38,4700871.0,1.0197213,1.0
20140402,BBG000BF1R66,CB,XNYS,99.5472,0.06659,120322000.0,88.64,89.07,88.49,88.95,1270250.0,1.1711249,1.0
20140402,BBG000BFTJ91,CMCSK,XNGS,97.9511,0.11118,122473110.0,49.02,49.8851,48.97,49.78,2912385.0,1.1290565,1.0
20140402,BBG000C11MQ5,PCYC,XNGS,80.7375,0.3547,148641870.0,108.05,108.8299,100.74,102.22,1244107.0,1.0,1.0
20140402,BBG000BH5DV1,INTU,XNGS,95.0277,0.13577,126326560.0,78.69,79.22,78.31,78.97,1543116.0,1.0276989,1.0
20140402,BBG000BJQWD2,AKAM,XNGS,96.5815,0.33531,124670130.0,59.62,59.76,58.1,58.18,2432179.0,1.0,1.0
20140402,BBG000BQZMH4,PEG,XNYS,99.8365,0.08374,121270490.0,37.67,37.68,37.34,37.6,2258979.0,2.606098,0.5
20140402,BBG000BRRG02,PVH,XNYS,99.712,0.1736499999999999,121671200.0,125.82,126.71,125.1,125.73,931894.0,1.018395,1.0
20140402,BBG000BY2Y78,IVZ,XNYS,98.1939,0.14238,124999900.0,37.48,37.87,37.29,37.68,3032557.0,1.1703315,1.0
20140402,BBG000BTKGG8,STI,XNYS,99.425,0.09881,125402270.0,40.26,40.465,39.99,40.38,4363335.0,1.1188188,1.0
20140402,BBG000BXWBN9,LBTYK,XNGS,97.9185,0.1575,127562264.0,40.58,40.89,40.35,40.49,2428708.0,2.0,0.5
20140402,BBG001NVJ6W4,YNDX,XNGS,94.0514,0.4318600000000001,132932400.0,31.5,31.87,30.91,31.19,3931708.0,1.0,1.0
20140402,BBG000PYZSR8,CHTR,XNGS,73.2776,0.22033,171045470.0,128.1,128.1,125.47,126.5,549153.0,1.0,1.0
20140402,BBG000G0Z878,HIG,XNYS,99.8607,0.10958,125515096.0,35.7,36.08,35.55,35.95,3121129.0,1.1660085,1.0
20140402,BBG000BR54L0,PHM,XNYS,89.5571,0.12974,140588080.0,19.64,19.8,19.4,19.69,4419191.0,1.0239357,1.0
20140402,BBG000BBJQV0,NVDA,XNGS,94.6715,0.1843499999999999,133321030.0,18.65,18.69,18.45,18.53,5998666.0,1.0330861,1.0
20140402,BBG000BC15S7,AON,XNYS,99.2318,0.13142,127530310.0,84.77,85.05,84.35,84.49,756310.0,1.0845395,1.0
20140402,BBG000BJ2VQ6,ESV,XNYS,99.3131,0.08922,127521400.0,52.5,53.035,52.09,52.11,2602721.0,1.1485852,1.0
20140402,BBG000VC0T95,WDAY,XNYS,98.3443,0.2598,129023950.0,95.22,96.49,91.52,92.17,2375247.0,1.0,1.0
20140402,BBG000QY3XZ2,EXPE,XNGS,86.5104,0.36243,147737280.0,75.64,76.51,75.17,76.01,1947379.0,1.1207967,2.0
20140402,BBG000DQTXY6,DHI,XNYS,88.707,0.13912,144396260.0,22.16,22.36,21.82,22.25,3427831.0,1.0907123,1.0
20140402,BBG000G3QLY3,AMP,XNYS,99.4599,0.09046,128845250.0,113.34,113.73,112.55,113.47,1627536.0,1.1405683,1.0
20140402,BBG000BP1Q11,MHFI,XNYS,97.9499,0.14127,130929060.0,77.74,77.87,76.712,76.91,1702367.0,1.2301219,1.0
20140402,BBG000BXMFC3,URI,XNYS,99.0631,0.20482,129638260.0,96.62,96.672,94.85,95.04,1302702.0,1.0,1.0
20140402,BBG000DKCC19,TSN,XNYS,97.9527,0.17915,131109896.0,43.47,43.48,41.35,41.44,8326491.0,1.0742549,1.0
20140402,BBG000C3HSR0,LNG,XASE,88.7081,0.28395,146113380.0,58.5,59.25,57.05,57.67,6071389.0,1.0,1.0
20140402,BBG000TWC2V5,MJN,XNYS,99.7293,0.1943,130448110.0,84.84,86.5,84.84,86.18,2289679.0,1.0928,1.0
20140402,BBG000BR3KL6,PH,XNYS,98.7342,0.1150699999999999,131819390.0,122.01,124.18,122.01,123.75,1126598.0,1.1198424,1.0
20140402,BBG001QD41M9,DLPH,XNYS,98.6838,0.13287,132002310.0,69.73,70.486,69.68,70.11,3631659.0,1.0178595,1.0
20140402,BBG0019JZ882,KMI,XNYS,63.7135,0.1728599999999999,205029400.0,32.83,32.89,32.67,32.81,3101249.0,1.1126766,1.0
20140402,BBG000BM6788,IR,XNYS,94.8739,0.12852,137904850.0,56.95,58.06,56.82,57.88,2388956.0,1.386033,1.0
20140402,BBG000H6HNW3,TWTR,XNYS,19.1036,0.34926,684973700.0,47.4,47.44,45.51,45.73,7880458.0,1.0,1.0
20140402,BBG000BRJL00,PPL,XNYS,99.9427,0.06631,131079130.0,32.79,32.79,32.41,32.42,5215965.0,1.3413945,1.0
20140402,BBG000CS7CT9,KSS,XNYS,91.5247,0.13344,143249600.0,56.85,58.11,56.56,57.89,3287246.0,1.0850502,1.0
20140402,BBG000BSBZH7,ROST,XNGS,97.1809,0.12154,135200800.0,72.8,73.83,72.74,73.5,1871143.0,2.142588,0.5
20140402,BBG000BFMBQ6,CI,XNYS,99.5943,0.16032,132494670.0,82.94,83.11,82.22,82.49,1433476.0,1.0081124,1.0
20140402,BBG000F15NW9,STJ,XNYS,97.5505,0.16256,135510420.0,66.66,66.67,66.15,66.25,1113285.0,1.0700655,1.0
20140402,BBG000C2YHG9,DISH,XNGS,96.7915,0.2160099999999999,136835460.0,63.74,64.24,63.38,64.07,1323947.0,1.2256794,1.0
20140402,BBG000JG0547,ADP,XNGS,99.811,0.09146,132736220.0,77.41,77.89,77.26,77.67,1666949.0,1.2045724,1.0
20140402,BBG000BB9KF2,AEP,XNYS,99.9275,0.06186,132596940.0,50.37,50.56,49.99,50.41,2759505.0,1.3415321,1.0
20140402,BBG000R7RDB4,CXO,XNYS,97.7407,0.16129,135890300.0,123.76,125.71,123.69,125.61,907933.0,1.0,1.0
20140402,BBG000BHLYP4,CME,XNGS,94.4694,0.12958,140973620.0,72.73,73.37,71.75,72.27,3379404.0,6.1940265,0.2
20140402,BBG000BMZ7P7,KSU,XNYS,98.2583,0.21086,136176720.0,103.25,105.73,103.16,104.3,1687046.0,1.0217787,1.0
20140402,BBG000GC80B4,COV,XNYS,99.7036,0.11853,134502860.0,72.54,73.05,72.41,72.88,1625466.0,1.2211523,1.0
20140402,BBG000BM7HL0,ADSK,XNGS,99.49,0.19432,135619710.0,50.1,50.29,49.43,49.58,2068969.0,1.0,1.0
20140402,BBG000BND699,NXPI,XNGS,83.3046,0.2540199999999999,162165550.0,61.99,62.31,60.69,61.34,3659274.0,1.0,1.0
20140402,BBG000MM5VL9,HLF,XNYS,73.9622,0.38167,183702980.0,58.49,58.88,57.64,58.81,2017077.0,2.3060303,0.5
20140402,BBG000FVXD63,RRC,XNYS,97.2881,0.18427,140237900.0,84.17,86.27,83.66,85.86,1664225.0,1.0185939,1.0
20140402,BBG000MBDGM6,EQIX,XNGS,98.7669,0.1830099999999999,139909340.0,185.68,186.42,184.25,184.44,1097062.0,1.0,1.0
20140402,BBG000BVPPM1,TSO,XNYS,99.5135,0.208,139386670.0,51.51,51.51,50.75,50.95,2651059.0,1.0787481,1.0
20140402,BBG000BMQPL1,KEY,XNYS,99.7341,0.11359,139503940.0,14.41,14.42,14.24,14.34,9774508.0,1.1443349,1.0
20140402,BBG000C0LW92,BSX,XNYS,99.06,0.20822,140821900.0,13.65,13.73,13.52,13.69,6616478.0,1.0,1.0
20140402,BBG000C2V3D6,A,XNYS,99.6167,0.21327,140905600.0,56.42,56.7,56.2,56.67,1919493.0,1.0204065,1.0
20140402,BBG000BC9938,VMW,XNYS,66.3753,0.25298,211528830.0,111.36,112.89,109.46,109.55,1633395.0,1.0,1.0
20140402,BBG000BB5BF6,GME,XNYS,97.7602,0.32085,144358530.0,42.6,43.44,42.43,43.37,4521350.0,1.0791913,1.0
20140402,BBG000C2PW58,BLK,XNYS,63.8255,0.11812,221167340.0,317.01,321.46,315.44,318.55,586387.0,1.169026,1.0
20140402,BBG000BC4JJ4,APD,XNYS,99.7314,0.13769,143035970.0,120.39,121.81,119.69,121.76,1048201.0,1.1827505,1.0
20140402,BBG001M8HHB7,TRIP,XNGS,85.4813,0.25052,167041760.0,95.4,96.33,94.02,95.16,1681142.0,1.0,1.0
20140402,BBG000BFXHL6,MOS,XNYS,93.1141,0.13469,155008130.0,49.6,49.77,48.85,49.52,3084399.0,1.0772892,1.0
20140402,BBG000CNFQW6,PRGO,XNYS,96.0955,0.2108,150874860.0,156.78,158.99,156.58,157.2,793696.0,1.029307,1.0
20140402,BBG001BPFT54,SCTY,XNGS,45.92,0.47101,316172220.0,65.47,65.78,63.0,63.75,4025546.0,1.0,1.0
20140402,BBG000BYYLS8,BBT,XNYS,98.7072,0.09051,147304110.0,40.44,40.865,40.19,40.71,3938567.0,1.2667972,1.0
20140402,BBG000BPT0C6,NBL,XNYS,98.0937,0.13132,148287700.0,69.85,70.61,69.62,70.38,1674869.0,2.1261015,0.5
20140402,BBG000G9CGL0,JAZZ,XNGS,90.6699,0.27151,160739980.0,141.43,142.77,138.67,140.14,570655.0,1.0,1.0
20140402,BBG000BVMGF2,ALL,XNYS,98.1643,0.09955,148589250.0,55.73,56.65,55.64,56.15,2328532.0,1.2033074,1.0
20140402,BBG000BMY992,KR,XNYS,93.6012,0.12787,156035330.0,43.74,45.285,43.68,45.26,7345152.0,1.1147493,1.0
20140402,BBG000FKJRC5,EL,XNYS,98.0441,0.14195,149428770.0,68.52,68.76,68.0,68.09,1997651.0,2.1618123,0.5
20140402,BBG000BR14K5,ACE,XNYS,91.1342,0.06445,161134110.0,98.99,99.33,98.56,98.82,1694908.0,1.1516322,1.0
20140402,BBG000HG21Y3,NUS,XNYS,86.6211,0.43245,169572560.0,84.5,85.97,84.02,85.69,1040563.0,1.1444441,1.0
20140402,BBG000BQ2C28,NOC,XNYS,92.2383,0.0982799999999999,161462610.0,123.86,125.53,123.55,124.59,1417067.0,1.3373988,1.0
20140402,BBG000BRJ809,PPG,XNYS,93.9855,0.11988,159814060.0,196.17,197.99,195.46,197.26,729115.0,1.1973982,1.0
20140402,BBG000D898T9,CAH,XNYS,99.6736,0.15693,152092350.0,69.83,70.37,69.68,70.28,2503545.0,1.5797797,1.0
20140402,BBG000BNNYW1,MAT,XNGS,99.5037,0.19242,152620590.0,40.29,40.42,40.07,40.32,3785233.0,1.2751731,1.0
20140402,BBG000CR90K4,BBRY,XNGS,81.7613,0.47538,186962900.0,8.05,8.28,8.05,8.21,12959620.0,1.0,1.0
20140402,BBG000BS0ZF1,RL,XNYS,98.731,0.13472,155106820.0,163.77,164.75,162.73,163.41,774343.0,1.0407351,1.0
20140402,BBG000Q3JN03,RF,XNYS,99.648,0.12138,153895870.0,11.28,11.28,11.0,11.09,20477084.0,1.1408386,1.0
20140402,BBG000BKCFC2,GIS,XNYS,99.4982,0.07262,155730660.0,51.85,51.861,51.431,51.62,2339651.0,2.415825,0.5
20140402,BBG000R8ZVD1,LULU,XNGS,90.7872,0.2788,170927500.0,52.97,54.63,52.53,54.41,3761667.0,2.0,0.5
20140402,BBG000BFL116,FSLR,XNGS,72.9484,0.40384,215606020.0,71.06,72.79,70.31,71.93,3797230.0,1.0,1.0
20140402,BBG000BCGY17,LO,XNYS,99.7284,0.18889,157738080.0,53.86,54.0,53.5,53.97,1934232.0,4.058446,0.33333334
20140402,BBG000BV7LP7,SWY,XNYS,98.2252,0.14862,160278940.0,37.7,38.02,37.7,37.9,6149843.0,1.162393,1.0
20140402,BBG000BJL3N0,FITB,XNGS,99.5546,0.08952,159026100.0,23.14,23.185,22.95,23.06,5085757.0,1.1441634,1.0
20140402,BBG001YMS0B8,KRFT,XNGS,99.7351,0.10491,159445120.0,55.98,56.76,55.75,56.65,2985023.0,1.0512412,1.0
20140402,BBG000BGVW60,D,XNYS,99.4795,0.07987,159903340.0,70.4,70.72,69.89,70.28,1817837.0,1.3023059,1.0
20140402,BBG000CGQ6M4,PX,XNYS,99.8096,0.09042,159538160.0,130.98,132.05,130.67,131.61,974173.0,1.1391411,1.0
20140402,BBG000FQ6PY6,CTXS,XNGS,99.1144,0.27662,160672930.0,58.49,59.37,58.47,58.72,1546840.0,1.0,1.0
20140402,BBG000C0HQ54,ENDP,XNGS,97.4595,0.28549,163416300.0,68.47,68.98,67.07,67.65,1823808.0,1.0,1.0
20140402,BBG000BGJRC8,CSX,XNYS,99.5361,0.10066,160233660.0,28.99,29.27,28.99,29.22,7395529.0,3.4305503,0.33333334
20140402,BBG000BWSV34,WHR,XNYS,99.2622,0.19358,161077570.0,153.3,154.36,152.24,153.63,781585.0,1.1811693,1.0
20140402,BBG000FJLFX8,AET,XNYS,99.5778,0.1046,161165730.0,74.96,75.02,74.42,74.81,1761101.0,1.0509776,1.0
20140402,BBG000BWNFZ9,WDC,XNGS,93.9781,0.20358,171339980.0,93.73,94.55,92.5,94.14,1746134.0,1.0337077,1.0
20140402,BBG000BH2JM1,SYMC,XNGS,99.3342,0.24188,162220600.0,20.44,20.44,19.9,20.01,10722951.0,1.0266222,1.0
20140402,BBG000BGLRN3,CTL,XNYS,99.476,0.11719,162465660.0,33.1,33.34,32.97,33.18,4334427.0,1.5877858,1.0
20140402,BBG000BX3TD3,X,XNYS,98.8423,0.21767,164546290.0,27.53,27.76,27.14,27.61,5647728.0,1.0587703,1.0
20140402,BBG000BMF5J0,JCP,XNYS,92.2149,0.4105699999999999,176666500.0,8.88,9.17,8.85,8.96,15258276.0,1.127878,1.0
20140402,BBG000BLKK03,HUM,XNYS,99.4171,0.17639,163942240.0,113.56,113.56,111.83,112.17,1337260.0,1.0383743,1.0
20140402,BBG000BFRF55,CLF,XNYS,99.1785,0.3522,164471520.0,19.87,20.7,19.72,20.44,7190312.0,2.2348046,0.5
20140402,BBG000H0QBS7,LBTYA,XNGS,94.9359,0.15749,172074460.0,41.36,41.78,41.312,41.4,2335078.0,1.9578091,1.0
20140402,BBG000BSLZY7,SCHW,XNYS,86.5461,0.15232,190950940.0,27.51,27.96,27.31,27.9,9822721.0,1.0927174,1.0
20140402,BBG000BT9DW0,SO,XNYS,99.9584,0.04808,166060110.0,43.52,43.57,43.1801,43.29,4237006.0,1.347938,1.0
20140402,BBG000BCWCG1,BBY,XNYS,81.2615,0.28157,204286850.0,26.37,27.115,26.3,26.8,5269856.0,1.1493584,1.0
20140402,BBG000F0KF42,STX,XNGS,95.3405,0.28771,174965600.0,57.03,57.4,56.29,57.16,2980406.0,1.1809957,1.0
20140402,BBG000QBR5J5,DFS,XNYS,98.8432,0.13343,169012240.0,59.04,59.295,58.76,59.18,2551624.0,1.0742937,1.0
20140402,BBG000CSY9H9,BBBY,XNGS,97.1477,0.17991,172069780.0,69.35,69.5825,68.95,69.43,1847414.0,1.0,1.0
20140402,BBG000C7LMS8,AZO,XNYS,98.9532,0.12523,170244860.0,535.5,537.93,533.102,535.47,232723.0,1.0,1.0
20140402,BBG000BM5SR2,IP,XNYS,99.1148,0.1085999999999999,170460860.0,45.91,46.82,45.78,46.64,4440935.0,1.2259178,1.0
20140402,BBG000BTR593,SWN,XNYS,98.2429,0.18867,172498820.0,45.6,46.44,45.4,46.21,4210533.0,2.0,0.5
20140402,BBG000BKFBD7,STT,XNYS,93.7121,0.12231,181667890.0,69.67,69.8,68.96,69.28,2622790.0,1.0820799,1.0
20140402,BBG000BNJHS8,LUV,XNYS,99.1824,0.1391,171897900.0,24.01,24.45,23.94,24.07,9199403.0,1.0216542,1.0
20140402,BBG000BH3JF8,DHR,XNYS,86.6773,0.08246,197048430.0,75.38,75.72,75.14,75.44,2306446.0,2.0246623,0.5
20140402,BBG000BJPDZ1,ISRG,XNGS,98.9516,0.38677,172637120.0,504.37,522.5,498.6,518.5,1339337.0,1.0,1.0
20140402,BBG000CXYSZ6,FFIV,XNGS,99.4177,0.26655,173462820.0,109.52,110.47,108.35,109.23,1170318.0,1.0,1.0
20140402,BBG000F80SZ5,SUNE,XNYS,92.5715,0.46174,186710140.0,20.18,20.2,19.48,19.84,9274116.0,1.0,1.0
20140402,BBG000BB6WG8,ADM,XNYS,97.778,0.1225,177747700.0,42.62,43.52,41.72,43.43,3279144.0,1.1387693,1.0
20140402,BBG000BN5HF7,LEN,XNYS,97.269,0.1493,178799700.0,40.39,40.785,39.92,40.48,2194548.0,1.0838088,1.0
20140402,BBG000BY29C7,COH,XNYS,99.097,0.2134,175992210.0,49.71,50.28,49.51,50.13,3840046.0,1.0863268,1.0
20140402,BBG000BTZQC4,POT,XNYS,99.3519,0.17538,176154850.0,34.95,35.04,34.5,34.91,6464291.0,3.2212825,0.33333334
20140402,BBG000BMBL90,ITW,XNYS,96.0516,0.09097,182734700.0,82.09,83.39,82.08,83.15,2430131.0,1.1829548,1.0
20140402,BBG000C0MF34,PCP,XNYS,99.5907,0.1602599999999999,176677120.0,259.11,260.54,256.4,258.34,724333.0,1.0061164,1.0
20140402,BBG000G2R6M0,GG,XNYS,99.3116,0.20665,177440380.0,24.94,25.37,24.93,25.03,7070981.0,1.0661091,1.0
20140402,BBG000BRD0D8,PNC,XNYS,99.2968,0.0901799999999999,178525810.0,87.5,87.78,87.26,87.61,2557970.0,1.1577803,1.0
20140402,BBG000BD8PN9,BK,XNYS,99.2891,0.1049,178642780.0,33.74,35.43,33.74,35.27,3755231.0,1.136313,1.0
20140402,BBG000C0F570,XLNX,XNGS,99.83,0.12866,178005820.0,54.95,55.154,54.48,54.55,3258443.0,1.1674829,1.0
20140402,BBG000BJSBJ0,NEE,XNYS,99.4596,0.07983,178852320.0,94.88,94.92,93.28,94.04,2097662.0,1.2509853,1.0
20140402,BBG000BBVJZ8,DVN,XNYS,93.7383,0.12811,191204600.0,67.45,68.24,67.29,67.89,3481003.0,1.0710466,1.0
20140402,BBG000BJ98Z0,GMCR,XNGS,68.6714,0.35216,262019680.0,110.09,111.5,108.52,109.28,2332838.0,4.524349,0.22222224
20140402,BBG000C1FB75,ICE,XNYS,98.7119,0.15447,182970100.0,193.44,201.4,193.44,200.29,1642845.0,1.0061107,1.0
20140402,BBG000BBD070,HES,XNYS,88.3945,0.1117799999999999,204399340.0,84.12,85.12,83.71,84.96,2862827.0,1.0458128,1.0
20140402,BBG000BJVZF7,FRX,XNYS,87.9303,0.16438,206684540.0,93.41,94.19,92.751,93.18,2419265.0,1.0,1.0
20140402,BBG000BSD7C2,RTN,XNYS,99.4092,0.1100599999999999,182914530.0,99.24,100.095,98.85,99.81,1483490.0,1.2063998,1.0
20140402,BBG000BZ2GG4,CAM,XNYS,99.0114,0.16695,183794560.0,62.78,63.57,62.78,63.34,2318533.0,1.0,1.0
20140402,BBG000JWD753,LVS,XNYS,49.8242,0.14554,366598180.0,83.1,83.4,82.21,82.87,3147982.0,1.1185082,1.0
20140402,BBG000C8H633,MRO,XNYS,99.6813,0.1117799999999999,183287470.0,35.33,35.63,35.28,35.38,4943784.0,1.9291778,1.0
20140402,BBG000FBR384,BEAM,XNYS,99.7775,0.0991799999999999,184369200.0,83.28,83.3,83.27,83.27,820632.0,1.4575514,1.0
20140402,BBG000BY33P5,JNPR,XNYS,97.1576,0.25885,190297340.0,26.43,26.584,26.26,26.35,3810431.0,1.0,1.0
20140402,BBG000BFDXW1,BRCM,XNGS,99.6868,0.16702,186201390.0,31.69,31.69,31.14,31.23,5499221.0,1.0517881,1.0
20140402,BBG000FP1N32,NTAP,XNGS,99.0647,0.16864,187389000.0,37.22,37.71,37.1,37.64,3025990.0,1.0114247,1.0
20140402,BBG000BBDV81,CTSH,XNGS,99.4383,0.16085,187516930.0,53.28,53.4,51.8,52.06,3484989.0,2.0,0.5
20140402,BBG000BFNR17,ADS,XNYS,97.2604,0.18899,191926560.0,273.81,274.85,270.04,271.88,770897.0,1.0,1.0
20140402,BBG000HCJMF9,PRU,XNYS,99.7478,0.1074799999999999,188090540.0,85.85,86.82,85.79,86.32,2096043.0,1.1763401,1.0
20140402,BBG000BMW2Z0,KMB,XNYS,99.706,0.0939899999999999,188747700.0,110.18,110.39,109.1,109.5,1928388.0,1.2756323,1.0
20140402,BBG000BMDV41,JCI,XNYS,99.645,0.1431,188970000.0,48.37,49.1751,48.32,49.11,4600212.0,1.146695,1.0
20140402,BBG000FNRZ69,HTZ,XNYS,99.086,0.24892,192337890.0,27.59,27.83,27.272,27.8,5807565.0,1.0,1.0
20140402,BBG000BJ81C1,TRV,XNYS,99.53,0.06887,191716000.0,84.37,85.27,84.22,84.65,1997474.0,1.1833204,1.0
20140402,BBG000BV8DN6,TJX,XNYS,94.1737,0.11042,203691620.0,61.36,62.23,61.35,62.16,2959067.0,2.1668406,0.5
20140402,BBG000BFQYY3,CL,XNYS,99.4954,0.07901,194925620.0,64.33,64.6,63.87,64.3,2969573.0,2.3272452,0.5
20140402,BBG000BQ5DS5,NSC,XNYS,99.6163,0.12167,194860500.0,97.88,98.01,97.1801,97.68,1957657.0,1.1758618,1.0
20140402,BBG000BL4504,CHK,XNYS,88.1506,0.2051599999999999,223208540.0,26.15,26.75,26.09,26.45,8354369.0,1.085553,1.0
20140402,BBG000DHSPT0,VIAB,XNGS,99.3088,0.11317,199077000.0,87.43,87.86,86.55,87.37,3017323.0,1.077177,1.0
20140402,BBG000BGPTV6,CMI,XNYS,98.2456,0.10425,201633060.0,149.29,150.07,148.378,149.34,1181330.0,2.2115276,0.5
20140402,BBG000BGKTF9,COF,XNYS,99.1893,0.12993,201457600.0,76.86,77.37,76.55,77.15,2517659.0,1.1014192,1.0
20140402,BBG000BPQD31,MYL,XNGS,99.338,0.24305,202929860.0,49.68,50.98,49.61,50.77,5437201.0,1.0,1.0
20140402,BBG000BJ3PD2,ETN,XNYS,99.6356,0.13671,202843380.0,76.05,77.16,75.7,76.67,2521076.0,2.4227908,0.5
20140402,BBG000BH5LT6,RIG,XNYS,93.9485,0.1549,216128200.0,41.23,41.78,41.08,41.41,4293648.0,1.1126784,1.0
20140402,BBG000C46HM9,M,XNYS,99.6412,0.16077,204294300.0,59.5,60.88,59.5,60.64,4942555.0,1.1240419,1.0
20140402,BBG000BK67C7,GD,XNYS,86.7073,0.11805,236091420.0,109.77,111.21,109.75,110.61,1671451.0,1.1739202,1.0
20140402,BBG000J6XT05,EXC,XNYS,99.8218,0.11755,205700450.0,33.5,33.755,33.23,33.51,7748445.0,1.3287494,1.0
20140402,BBG000DLFM21,VRX,XNYS,92.9033,0.25119,221344340.0,134.34,135.83,131.82,133.69,1796094.0,1.286276,1.0
20140402,BBG000BB5006,ADBE,XNGS,94.4911,0.14442,218157710.0,66.07,66.31,65.12,65.48,2587043.0,1.0,1.0
20140402,BBG0029SNR63,KORS,XNYS,88.7705,0.20759,232572560.0,95.56,96.1,94.63,95.03,1382699.0,1.0,1.0
20140402,BBG000C2BXK4,MGM,XNYS,75.9965,0.17115,273455100.0,26.6,26.72,26.29,26.7,6314874.0,1.0,1.0
20140402,BBG000BHX7N2,EMR,XNYS,99.3244,0.08731,209889840.0,67.32,68.01,67.22,67.84,3023821.0,1.2026354,1.0
20140402,BBG000CPQZ77,WFM,XNGS,99.1604,0.19172,214011170.0,52.61,53.09,52.22,52.61,3201878.0,2.1358085,0.5
20140402,BBG000CJZ2W6,SINA,XNGS,97.3851,0.34288,218011470.0,62.91,63.75,61.0,61.75,3151805.0,1.0,1.0
20140402,BBG000M65M61,UAL,XNYS,99.622,0.18552,213710220.0,47.01,48.2,46.95,47.23,3946326.0,1.0693549,1.0
20140402,BBG000D9D830,ACN,XNYS,99.5616,0.12693,214257660.0,79.29,80.15,79.06,79.99,3091801.0,1.1272688,1.0
20140402,BBG000NV1KK7,DG,XNYS,99.8475,0.15603,214296910.0,56.39,57.28,56.2137,57.22,4396880.0,1.0,1.0
20140402,BBG000BHGDH5,DUK,XNYS,99.7398,0.06082,217166110.0,70.67,70.67,70.11,70.26,1975951.0,1.3822086,1.0
20140402,BBG000BKFZM4,GLW,XNYS,99.6433,0.20004,217890000.0,20.99,21.47,20.9,21.36,14436557.0,1.1150222,1.0
20140402,BBG000BWJFZ4,CF,XNYS,99.5709,0.2075099999999999,220524030.0,263.09,266.91,261.39,265.44,989318.0,1.0447415,1.0
20140402,BBG0014GG205,P,XNYS,85.7264,0.45901,256531540.0,31.72,32.7,31.09,31.44,7920118.0,1.0,1.0
20140402,BBG000BH3GZ2,YUM,XNYS,99.7055,0.16159,223033020.0,77.91,77.91,76.3301,77.11,3825391.0,1.1375971,1.0
20140402,BBG000BCVJ77,BAX,XNYS,99.7781,0.12494,224764050.0,73.64,73.64,73.0,73.19,3265028.0,1.1572733,1.0
20140402,BBG000BPWXK1,NEM,XNYS,99.7061,0.1977499999999999,232351780.0,23.81,24.46,23.73,24.24,7225072.0,1.1221137,1.0
20140402,BBG000BB6KF5,MET,XNYS,77.9196,0.10787,297406600.0,53.51,54.03,53.27,53.64,5839557.0,1.1415006,1.0
20140402,BBG000BC2C10,APA,XNYS,99.4738,0.14177,233876750.0,83.47,84.48,83.27,84.23,2001204.0,1.0460409,1.0
20140402,BBG000C3GN47,COG,XNYS,98.1426,0.2472599999999999,237277300.0,34.3,35.08,34.29,34.93,6734344.0,4.067398,0.25
20140402,BBG000BWXBC2,WMT,XNYS,49.2165,0.08532,477171780.0,76.58,77.19,76.34,77.18,6078086.0,1.1542889,1.0
20140402,BBG000BWVCP8,WMB,XNYS,90.648,0.17064,261090180.0,41.1,41.13,40.48,40.6,5210675.0,1.4752612,1.0
20140402,BBG000C734W3,REGN,XNGS,78.0607,0.26084,303612160.0,309.64,316.0,300.37,306.89,903074.0,1.0,1.0
20140402,BBG000WCFV84,LYB,XNYS,84.94,0.1185,281646530.0,88.86,90.32,88.6,90.27,2514437.0,1.3250077,1.0
20140402,BBG000QX74T1,CMG,XNYS,98.2393,0.33159,244649950.0,582.55,582.56,572.2,576.21,297163.0,1.0,1.0
20140402,BBG000BBPFB9,AMAT,XNGS,99.2116,0.1639,244202430.0,20.66,20.84,20.53,20.79,11896852.0,1.1549724,1.0
20140402,BBG000G30YX4,ALXN,XNGS,98.9594,0.3049,245770290.0,156.2,158.52,152.79,154.51,1373704.0,4.0,0.25
20140402,BBG00286S4N9,PSX,XNYS,99.9551,0.11648,247947230.0,79.17,79.5,77.89,79.24,3083004.0,1.0379505,1.0
20140402,BBG000F6H8W8,COST,XNGS,99.0671,0.0935799999999999,250593660.0,111.9,112.01,110.94,111.55,3291664.0,1.1534677,1.0
20140402,BBG000BCG930,WLP,XNYS,99.5744,0.12712,250278430.0,96.7,99.258,96.7,98.32,2579359.0,1.0594534,1.0
20140402,BBG000H556T9,HON,XNYS,94.6109,0.09466,264833890.0,93.43,94.19,93.14,93.88,2882368.0,1.1808989,1.0
20140402,BBG000BH1NH9,DE,XNYS,99.8956,0.1096099999999999,251707060.0,91.26,92.0,91.03,91.9,2714004.0,1.1447908,1.0
20140402,BBG000B9WH86,AA,XNYS,99.7022,0.2525099999999999,252839460.0,12.8,12.9,12.71,12.85,26481180.0,1.1115217,1.0
20140402,BBG000BB07P9,ABX,XNYS,99.7358,0.21223,253103500.0,18.25,18.76,18.25,18.62,14400550.0,1.0901425,1.0
20140402,BBG000BD4VG8,BHI,XNYS,99.6244,0.14022,256034190.0,65.63,65.9,65.24,65.72,2455331.0,1.0785741,1.0
20140402,BBG000BVV7G1,TXN,XNGS,99.5776,0.1105099999999999,256406260.0,47.58,47.97,47.465,47.62,5153930.0,1.1368545,1.0
20140402,BBG000BNWG87,MDT,XNYS,99.691,0.1059099999999999,258349580.0,61.08,62.0,61.08,61.86,4945787.0,1.1491338,1.0
20140402,BBG000FG3C43,SNDK,XNGS,98.2714,0.22353,262601070.0,83.05,83.45,81.79,82.36,3180346.0,1.0104977,1.0
20140402,BBG001DCCGR8,MPC,XNYS,88.7987,0.1908299999999999,291451900.0,88.65,88.65,86.75,87.16,3950376.0,1.0651797,1.0
20140402,BBG000C5HS04,NKE,XNYS,98.5648,0.10267,265873220.0,74.71,75.0,74.32,74.54,3806610.0,2.2009525,0.5
20140402,BBG000DYGNW7,MCK,XNYS,99.6637,0.16832,269362850.0,176.18,176.83,174.62,175.75,1243901.0,1.0579451,1.0
20140402,BBG000C1BW00,LMT,XNYS,85.33,0.10217,315955600.0,164.0,164.77,162.6819,164.7,1050349.0,1.2531879,1.0
20140402,BBG000LD9JQ8,WYNN,XNGS,79.6797,0.1651599999999999,339844200.0,230.0,230.43,225.771,227.46,988715.0,1.3905832,1.0
20140402,BBG000Q2HM09,YELP,XNYS,97.1623,0.51,279461980.0,81.38,81.4,74.84,75.63,5463522.0,1.0,1.0
20140402,BBG000BH13K9,DD,XNYS,99.8316,0.10083,272436030.0,67.7,68.245,67.53,68.12,4250786.0,1.2780955,1.0
20140402,BBG000BNBDC2,LLY,XNYS,87.6476,0.14392,311074600.0,59.17,59.275,58.75,59.15,3881419.0,1.3480873,1.0
20140402,BBG000FL1TC8,DTV,XNGS,94.2517,0.19597,289326660.0,77.71,78.0925,77.2,77.98,2375499.0,1.0,1.0
20140402,BBG000BLZRJ2,MS,XNYS,71.2574,0.15905,391741500.0,31.22,31.59,31.02,31.41,14614843.0,1.090867,1.0
20140402,BBG000BVDLH9,TMO,XNYS,99.7082,0.11646,283761900.0,121.92,122.56,121.65,122.2,1477742.0,1.0176249,1.0
20140402,BBG000BXRPH1,PXD,XNYS,98.7507,0.1860099999999999,287645570.0,186.25,194.47,186.25,193.13,2112926.0,1.0129082,1.0
20140402,BBG000BP6LJ8,MO,XNYS,99.697,0.07827,285022750.0,37.42,37.6401,37.28,37.58,7720362.0,4.721104,1.0
20140402,BBG000BNDN65,LOW,XNYS,99.7647,0.13213,284986000.0,49.39,49.97,49.29,49.52,4845956.0,1.1206855,1.0
20140402,BBG000BJX8C8,NOV,XNYS,99.7713,0.11066,286534340.0,78.23,78.61,77.98,78.45,3267631.0,1.0657257,1.0
20140402,BBG000FFDM15,USB,XNYS,99.839,0.0836,287203520.0,42.96,43.09,42.67,43.05,7122137.0,1.1601616,1.0
20140402,BBG000BJF1Z8,FDX,XNYS,93.0631,0.0908799999999999,312446080.0,134.1,135.2,133.941,134.76,1747826.0,1.0385919,1.0
20140402,BBG000D4LWF6,MDLZ,XNGS,97.2736,0.10077,301958800.0,34.76,35.14,34.73,34.92,6503562.0,1.8736012,1.0
20140402,BBG000BHQ1H0,AGN,XNYS,99.742,0.2446,295840400.0,125.0,125.62,123.92,125.53,1756563.0,1.018498,1.0
20140402,BBG000DSMS70,ILMN,XNGS,98.4645,0.3528499999999999,307661250.0,157.56,162.21,155.48,156.57,1987204.0,2.0,0.5
20140402,BBG000BN2DC2,CRM,XNYS,92.6065,0.19214,334223260.0,59.05,59.35,57.71,58.15,4792115.0,4.0,0.25
20140402,BBG000B9ZXB4,ABT,XNYS,99.6543,0.1211599999999999,315248200.0,38.12,38.64,38.07,38.58,6340697.0,2.5092611,1.0
20140402,BBG0025Y4RY4,ABBV,XNYS,99.9501,0.16792,315445500.0,52.1,53.41,51.99,53.34,6007236.0,1.0481789,1.0
20140402,BBG000L9CV04,UPS,XNYS,99.95,0.07257,316003840.0,97.46,98.2465,97.4,97.97,3117410.0,1.2067405,1.0
20140402,BBG000BC40Y8,APC,XNYS,99.6483,0.14207,320376740.0,86.23,86.99,86.15,86.47,3065405.0,1.0394565,1.0
20140402,BBG000BFWKC0,MON,XNYS,99.6633,0.14935,327199800.0,113.96,116.0,111.63,114.42,5178109.0,1.0975204,1.0
20140402,BBG000BZ9223,EOG,XNYS,99.5709,0.11464,329633730.0,98.27,99.45,98.02,99.11,2858010.0,2.0787406,0.5
20140402,BBG000C496P7,CBS,XNYS,97.8191,0.12861,339006430.0,63.41,63.96,63.22,63.35,5537161.0,1.1822797,1.0
20140402,BBG005P7Q881,AAL,XNGS,98.8383,0.2386899999999999,348163680.0,38.24,38.9,37.48,37.71,12508405.0,1.0,1.0
20140402,BBG000F0PF65,TWX,XNYS,93.9707,0.10739,366635900.0,66.23,67.165,66.02,67.06,5394136.0,0.41810545,3.000003
20140402,BBG000BCQZS4,AXP,XNYS,99.6936,0.1106,346461660.0,90.85,91.09,90.13,90.4,2883594.0,1.1201822,1.0
20140402,BBG000BWLMJ4,WAG,XNYS,92.0944,0.15452,376075550.0,65.62,66.485,65.41,66.35,3936139.0,1.1354526,1.0
20140402,BBG000C15T95,ESRX,XNGS,99.7711,0.16305,347926370.0,76.1,76.13,75.5,75.6,3259200.0,2.0,0.5
20140402,BBG000H8TVT2,TGT,XNYS,99.6887,0.1057,351787600.0,60.5,61.143,60.45,60.89,3954664.0,1.1293529,1.0
20140402,BBG000CH5208,UNH,XNYS,98.3538,0.1046199999999999,357068400.0,81.54,81.74,81.27,81.61,3832145.0,1.0633851,1.0
20140402,BBG000D42FJ0,DDD,XNYS,92.9892,0.3980599999999999,378398980.0,58.73,59.202,57.47,58.19,3198845.0,3.0,0.33333334
20140402,BBG000BQQH30,COP,XNYS,99.8094,0.10054,353214270.0,70.31,71.0,70.25,70.89,5672720.0,1.6703914,1.0
20140402,BBG000BW8S60,UTX,XNYS,92.7823,0.07962,379993470.0,119.61,120.13,118.751,119.87,7472670.0,1.1612804,1.0
20140402,BBG000BQQ2S6,OXY,XNYS,98.5617,0.10718,359599460.0,94.61,96.3,94.38,96.02,6575992.0,1.1472206,1.0
20140402,BBG000BJDB15,FCX,XNYS,98.3963,0.1695499999999999,363136200.0,33.26,33.67,33.14,33.32,10737742.0,2.41784,0.5
20140402,BBG000KHWT55,HPQ,XNYS,98.3226,0.19414,370317600.0,33.34,33.66,33.01,33.61,14188558.0,1.0993674,1.0
20140402,BBG000H89QJ6,TWC,XNYS,99.8677,0.13413,366906660.0,137.97,140.55,137.83,140.55,4082178.0,0.8690913,3.000003
20140402,BBG000BP52R2,MMM,XNYS,99.9063,0.08063,368168740.0,135.99,136.25,135.33,136.0,3281384.0,1.182322,1.0
20140402,BBG000BW3299,UNP,XNYS,99.4421,0.09318,370221220.0,188.36,189.98,188.15,189.08,1824182.0,2.255754,0.5
20140402,BBG000FH8PX5,ACT,XNYS,98.3102,0.18819,377250300.0,210.01,211.99,207.42,208.77,1968566.0,1.0,1.0
20140402,BBG000BBS2Y0,AMGN,XNGS,99.8569,0.16776,385008350.0,126.02,127.09,125.02,125.98,2892876.0,1.0542727,1.0
20140402,BBG000R7Z112,DAL,XNYS,99.3874,0.15444,393163460.0,35.91,36.52,35.53,35.7,12017417.0,1.007081,1.0
20140402,BBG000BGRY34,CVS,XNYS,99.7901,0.10144,391884400.0,73.9,75.11,73.85,74.77,5194610.0,1.0790312,1.0
20140402,BBG000BBGGQ1,VLO,XNYS,99.4842,0.18824,396814530.0,54.85,55.22,54.14,54.85,6669045.0,1.2360615,1.0
20140402,BBG000DWYF03,FOXA,XNGS,99.792,0.1214,399274430.0,32.94,33.74,32.83,33.59,18810056.0,1.2076452,1.0
20140402,BBG000CTQBF3,SBUX,XNGS,97.3146,0.15193,409525500.0,74.35,74.37,73.24,73.67,4137759.0,1.0620465,1.0
20140402,BBG000BHBK84,DOW,XNYS,99.6005,0.1610299999999999,400372480.0,49.75,49.98,49.34,49.9,5739453.0,1.2518605,1.0
20140402,BBG000J2XL74,PM,XNYS,93.9334,0.08666,428544300.0,82.32,82.5,82.16,82.46,4265020.0,1.2962459,1.0
20140402,BBG000BQLTW7,ORCL,XNYS,74.9761,0.1397499999999999,540745000.0,41.37,41.62,40.85,41.13,22754714.0,1.0481105,1.0
20140402,BBG000BKTFN2,HAL,XNYS,93.557,0.12195,446072960.0,59.55,60.1,59.356,59.93,6821775.0,1.0759645,1.0
20140402,BBG000DWG505,BRK/B,XNYS,92.73,0.07104,457488320.0,124.82,124.93,124.18,124.47,3298781.0,50.0,0.02
20140402,BBG000DQLV23,BMY,XNYS,99.8434,0.17882,430170300.0,51.57,51.91,51.41,51.59,7902795.0,1.328187,1.0
20140402,BBG000DH7JK6,PEP,XNYS,99.7777,0.08448,458605980.0,82.82,82.95,82.44,82.73,4919224.0,1.202836,1.0
20140402,BBG000BBDZG3,AIG,XNYS,99.8754,0.11229,460139000.0,50.12,50.575,50.01,50.56,7252274.0,0.06128941,20.0
20140402,BBG000C17X76,BIIB,XNGS,99.8868,0.23217,472036740.0,311.64,317.0,306.5,309.7,1483689.0,1.0,1.0
20140402,BBG000BNSZP1,MCD,XNYS,99.9478,0.09558,475349440.0,98.15,98.23,97.3401,97.59,3696713.0,1.2179289,1.0
20140402,BBG000BFC8J2,CELG,XNGS,99.7828,0.19487,480946620.0,147.51,149.69,145.33,147.42,4503177.0,1.0,1.0
20140402,BBG000F1ZSQ2,MA,XNYS,89.4966,0.15732,536590180.0,74.89,75.35,74.53,74.7,4271585.0,10.187664,0.1
20140402,BBG000BH4R78,DIS,XNYS,90.2919,0.1036,535732740.0,81.72,81.97,81.3,81.67,6072890.0,1.0847889,1.0
20140402,BBG000BF0K17,CAT,XNYS,99.7346,0.14699,507865570.0,100.04,102.76,99.88,102.63,9348664.0,1.1815404,1.0
20140402,BBG000BKZB36,HD,XNYS,99.8307,0.08795,508321950.0,79.54,80.76,79.485,79.95,6611747.0,1.2003089,1.0
20140402,BBG000C6CFJ5,GS,XNYS,92.0797,0.1056599999999999,556376400.0,165.9,167.54,165.725,167.27,2385911.0,1.077661,1.0
20140402,BBG000Q9HH23,LNKD,XNYS,99.3138,0.34222,525546720.0,189.99,190.0,182.62,183.38,2507989.0,1.0,1.0
20140402,BBG000BQPC32,F,XNYS,99.1516,0.14495,529233800.0,16.25,16.49,16.15,16.46,39786496.0,1.0541222,1.0
20140402,BBG000BT41Q8,SLB,XNYS,99.7257,0.09687,542015300.0,98.07,98.41,97.58,97.69,4995103.0,1.0915822,1.0
20140402,BBG000BMX289,KO,XNYS,90.093,0.0820299999999999,602965800.0,38.49,38.54,38.3,38.33,15668465.0,2.4093359,0.5
20140402,BBG000C43RR5,EBAY,XNGS,91.2323,0.18458,605473700.0,56.15,56.25,55.29,55.45,9433167.0,1.0,1.0
20140402,BBG000GFFQN9,YHOO,XNGS,91.935,0.23226,605939000.0,36.68,36.86,36.56,36.64,14517315.0,1.0,1.0
20140402,BBG000BHVJJ3,EMC,XNYS,99.307,0.15009,564782400.0,27.83,27.99,27.73,27.9,10716423.0,1.0157821,1.0
20140402,BBG000BCSST7,BA,XNYS,92.6043,0.12352,607979970.0,128.63,128.766,127.4,128.31,2934721.0,1.1727675,1.0
20140402,BBG000BPD168,MRK,XNYS,99.952,0.1387,611150000.0,56.48,56.56,56.05,56.46,7059965.0,1.3111837,1.0
20140402,BBG000PSKYX7,V,XNYS,99.86,0.15741,631251800.0,214.78,216.5,213.37,214.66,2335494.0,1.042933,1.0
20140402,BBG000C0G1D1,INTC,XNGS,99.9177,0.13378,668315460.0,25.96,26.05,25.64,25.89,22374400.0,1.2316128,1.0
20140402,BBG000CGC1X8,QCOM,XNGS,99.8339,0.14288,674876160.0,79.98,80.26,79.75,80.14,7410438.0,1.1097577,1.0
20140402,BBG000NDYB67,GM,XNYS,80.4465,0.19363,837975500.0,34.65,35.05,34.38,34.88,41832064.0,0.010088784,100.0
20140402,BBG000BR2TH3,PG,XNYS,99.8904,0.08375,677436800.0,80.19,80.33,79.8,80.13,6735931.0,1.2068846,1.0
20140402,BBG000C5Z1S3,MU,XNGS,99.2723,0.34113,692448800.0,24.57,24.6,24.0,24.35,24468198.0,1.0,1.0
20140402,BBG000K4ND22,CVX,XNYS,99.9722,0.0984799999999999,699250000.0,118.52,119.54,118.52,119.35,4505079.0,1.2331729,1.0
20140402,BBG000BWQFY7,WFC,XNYS,99.6213,0.08675,723582900.0,49.77,49.88,49.51,49.76,13024710.0,1.1632367,1.0
20140402,BBG000BR2B91,PFE,XNYS,99.9215,0.1266499999999999,734432260.0,31.92,32.39,31.81,32.29,21615328.0,1.3201139,1.0
20140402,BBG000BMHYD1,JNJ,XNYS,99.9601,0.08367,741165700.0,98.01,98.39,97.37,98.23,7995523.0,1.227822,1.0
20140402,BBG000BFT2L4,CMCSA,XNGS,98.0246,0.13717,781935200.0,50.02,50.97,50.02,50.9,15939112.0,1.1206355,1.0
20140402,BBG000BK6MB5,GE,XNYS,99.9354,0.08538,836195000.0,25.92,26.06,25.87,26.04,26369634.0,1.2695087,1.0
20140402,BBG000BLNNH6,IBM,XNYS,99.8502,0.1383599999999999,865255230.0,194.24,194.5,192.49,193.55,4923642.0,1.1210119,1.0
20140402,BBG000C3J3C9,CSCO,XNGS,99.8212,0.11077,890773760.0,23.11,23.13,22.76,22.99,38323460.0,1.0792226,1.0
20140402,BBG000CKGBP2,GILD,XNGS,99.1177,0.1930599999999999,909720450.0,75.16,75.25,73.34,73.96,15943699.0,2.0,0.5
20140402,BBG000BLBVN4,PCLN,XNGS,99.1384,0.1612,911732100.0,1256.19,1276.74,1249.511,1266.66,1017236.0,1.0,1.0
20140402,BBG000CL9VN6,NFLX,XNGS,95.2581,0.44992,969997800.0,365.66,371.05,358.3,362.88,3453744.0,1.0,1.0
20140402,BBG000BSJK37,T,XNYS,99.9336,0.0924499999999999,939801800.0,35.16,35.48,35.04,35.37,28081836.0,1.4355618,1.0
20140402,BBG000BVPV84,AMZN,XNGS,81.5794,0.21679,1258876200.0,345.99,348.295,340.38,341.96,4465927.0,1.0,1.0
20140402,BBG000DMBXR2,JPM,XNYS,99.3855,0.1047099999999999,1041080600.0,60.37,60.77,60.2,60.48,14010233.0,1.1500303,1.0
20140402,BBG000N9MNX3,TSLA,XNGS,64.9738,0.4002799999999999,1602020400.0,220.0,230.89,218.05,230.29,10735564.0,1.0,1.0
20140402,BBG000GZQ728,XOM,XNYS,99.7418,0.11216,1141619100.0,97.53,98.06,97.18,97.95,9550004.0,1.163702,1.0
20140402,BBG000HS77T5,VZ,XNYS,99.985,0.11227,1202883500.0,47.66,48.18,47.63,47.82,25154400.0,1.491081,1.0
20140402,BBG000BPH459,MSFT,XNGS,90.914,0.2006,1350460000.0,41.44,41.66,41.17,41.35,28613466.0,1.1658715,1.0
20140402,BBG000FY4S11,C,XNYS,96.078,0.1284,1340528400.0,48.15,48.36,47.73,48.24,22329092.0,0.10612627,10.0
20140402,BBG000BCTLF6,BAC,XNYS,99.9432,0.12508,1729610100.0,17.35,17.38,17.13,17.23,65133868.0,1.1045097,1.0
20140402,BBG000BHSKN9,GOOG,XNGS,99.7654,0.1869,2420672800.0,1141.9,1144.8,1124.0,1135.1,2085760.0,1.0,1.0
20140402,BBG000MM2P62,FB,XNGS,98.3214,0.3736,3528068000.0,63.21,63.91,62.21,62.72,66146236.0,1.0,1.0
20140402,BBG000B9XRY4,AAPL,XNGS,99.9502,0.18713,5471982600.0,542.38,543.48,540.26,542.55,6400217.0,1.0404153,1.0
